Workbook
Name HEÄSOÅ: '[1]bao-gia'!#REF!
Name HEÄSOÅ3: '[1]bao-gia'!#REF!
Name TRISO: #REF!

Sheet TỒN KHO HÀNG NK
C1: Đơn vị: CÔNG TY TNHH DƯỢC PHẨM HEALTHY BEAUTY
C2: Địa chỉ: Số 451/24/14 Tô Hiến Thành, P.14, Q.10, TP. HCM
C3: Điện thoại: (028) 38643920 - (028) 38663068 - 0903187057 - MST: 0312246601
A4: BÁO CÁO TỒN HIỆN TẠI HÀNG HÓA THEO SERIAL/LÔ - TỔNG KHO
A5: Cho đến ngày hết ngày 14/03/2026
A7: STT | B7: Mã Hàng | C7: Tên hàng | D7: ĐVT | E7: HSD | F7: SỐ LƯỢNG TỔNG | G7: SL xuất trong 1,5 năm (1.7.2023 - 31.12.2024) | H7: SL xuất trong 1 NĂM 2025 (01.01.2025 - 31.12.2025 | I7: SL xuất trong tháng 01/2026 | J7: SL xuất trong tháng 02//2026 | K7: SL xuất từ ngày-> 01.03.2026 -07.03.2026 | L7: SL xuất từ ngày-> 08.03.2026 -14.03.2026 | M7: TB 1ngày/ bán | N7: Dự kiến số ngày cần để bán hết | O7: Ngày dự kiến sẽ bán hết | P7: Cảnh báo HSD
A8: =ROW()-7 -> 1 | B8: HB001 | C8: HB COLLAGEN TYPE 1,2&3 (C/120V) | D8: HỘP | E8: 46615 | F8: 2367 | G8: 4922 | H8: 2413 | I8: 162 | J8: 142 | K8: 21 | L8: 29 | M8: 6.6109589 | N8: 373.31952 | O8: 46440.32 | P8: =IF(E8="","Hết hàng",IF((E8-TODAY())<=365,"hàng cận date","Bình thường")) -> Bình thường
A9: =ROW()-7 -> 2 | B9: HB002 | C9: GLUCOLLAGEN 7 IN 1 (C/30V) | D9: CHAI | E9: 46502 | F9: 0 | G9: 27637 | H9: 15689 | I9: 550 | J9: 696 | K9: 210 | L9: 131 | M9: 42.983562 | N9: 16.471413 | O9: 46083.471 | P9: =IF(E9="","Hết hàng",IF((E9-TODAY())<=365,"hàng cận date","Bình thường")) -> Bình thường
A10: =ROW()-7 -> 3 | B10: HB003 | C10: GLUCOLLAGEN 7 IN 1 (C/60V) | D10: CHAI | E10: 46502 | F10: 1 | G10: 17532 | H10: 10837 | I10: 766 | J10: 809 | K10: 27 | L10: 3 | M10: 29.690411 | N10: 9.0601643 | O10: 46076.06 | P10: =IF(E10="","Hết hàng",IF((E10-TODAY())<=365,"hàng cận date","Bình thường")) -> Bình thường
A11: =ROW()-7 -> 4 | B11: HB004 | C11: HB GLUCOSAMINE 3 IN 1 (C/200V) (HTG) | D11: CHAI | E11: 46887 | F11: 1720 | G11: 3995 | H11: 2054 | I11: 481 | J11: 108 | K11: 19 | L11: 19 | M11: 5.6273973 | N11: 306.89143 | O11: 46373.891 | P11: =IF(E11="","Hết hàng",IF((E11-TODAY())<=365,"hàng cận date","Bình thường")) -> Bình thường
A12: =ROW()-7 -> 5 | B12: HB005 | C12: HB GLUCOSAMINE 3 IN 1 (C/60V) (HTG) | D12: CHAI | E12: 46887 | F12: 5070 | G12: 22181 | H12: 11099 | I12: 2200 | J12: 568 | K12: 88 | L12: 260 | M12: 30.408219 | N12: 188.4359 | O12: 46255.436 | P12: =IF(E12="","Hết hàng",IF((E12-TODAY())<=365,"hàng cận date","Bình thường")) -> Bình thường
A13: =ROW()-7 -> 6 | B13: HB006 | C13: GLUTA WHITE (C/30V) (CHLC) | D13: CHAI | E13: 46257 | F13: 7999 | G13: 6000 | H13: 3423 | I13: 820 | J13: 254 | K13: 66 | L13: 116 | M13: 9.3780822 | N13: 878.96436 | O13: 46945.964 | P13: =IF(E13="","Hết hàng",IF((E13-TODAY())<=365,"Hàng cận date","bình thường")) -> Hàng cận date | Q13: =E13-TODAY() -> 161
A14: =ROW()-7 -> 7 | B14: HB007 | C14: SLIM DAY (C/60V) | D14: CHAI | E14: 46700 | F14: 6345 | G14: 1904 | H14: 985 | I14: 119 | J14: 128 | K14: 16 | L14: 47 | M14: 2.6986301 | N14: 2407.8883 | O14: 48474.888 | P14: =IF(E14="","Hết hàng",IF((E14-TODAY())<=365,"hàng cận date","Bình thường")) -> Bình thường
A15: =ROW()-7 -> 8 | B15: HB009 | C15: OMEGA 3.6.9 (C/100V) (HTG) | D15: CHAI | E15: 46821 | F15: 21574 | G15: 21179 | H15: 14340 | I15: 703 | J15: 526 | K15: 325 | L15: 545 | M15: 39.287671 | N15: 577.07671 | O15: 46644.077 | P15: =IF(E15="","Hết hàng",IF((E15-TODAY())<=365,"hàng cận date","Bình thường")) -> Bình thường
A16: =ROW()-7 -> 9 | B16: HB011 | C16: OMEGA 3.6.9 (C/200V)(HTG) | D16: CHAI | E16: 46821 | F16: 3462 | G16: 3852 | H16: 1819 | I16: 111 | J16: 141 | K16: 7 | L16: 99 | M16: 4.9835616 | N16: 730.80264 | O16: 46797.803 | P16: =IF(E16="","Hết hàng",IF((E16-TODAY())<=365,"hàng cận date","Bình thường")) -> Bình thường
A17: =ROW()-7 -> 10 | B17: HB010 | C17: HB SHARK CARTILAGE 750MG (C/100V) | D17: CHAI | E17: 46703 | F17: 0 | G17: 8407 | H17: 4487 | I17: 22 | J17: 32 | K17: 118 | L17: 0 | M17: 12.293151 | N17: 0.081346111 | O17: 46067.081 | P17: =IF(E17="","Hết hàng",IF((E17-TODAY())<=365,"hàng cận date","Bình thường")) -> Bình thường
A18: =ROW()-7 -> 11 | B18: HB015 | C18: HB CORDY EXTRACT (C/60V) | D18: CHAI | E18: 46779 | F18: 10275 | G18: 10052 | H18: 5866 | I18: 470 | J18: 568 | K18: 72 | L18: 281 | M18: 16.071233 | N18: 677.17269 | O18: 46744.173 | P18: =IF(E18="","Hết hàng",IF((E18-TODAY())<=365,"hàng cận date","Bình thường")) -> Bình thường
A19: =ROW()-7 -> 12 | B19: HB018 | C19: HB ARGINMILK(H/60V) (HTG) | D19: HỘP | E19: 46722 | F19: 558 | G19: 31466 | H19: 24141 | I19: 1011 | J19: 1344 | K19: 154 | L19: 486 | M19: 66.139726 | N19: 28.152521 | O19: 46095.153 | P19: =IF(E19="","Hết hàng",IF((E19-TODAY())<=365,"hàng cận date","Bình thường")) -> Bình thường
A20: =ROW()-7 -> 13 | B20: HB024 | C20: HB CALCIDSOFT (H/30V) | D20: HỘP | E20: 46687 | F20: 2548 | G20: 24284 | H20: 17527 | I20: 779 | J20: 659 | K20: 175 | L20: 330 | M20: 48.019178 | N20: 67.896484 | O20: 46134.896 | P20: =IF(E20="","Hết hàng",IF((E20-TODAY())<=365,"hàng cận date","Bình thường")) -> Bình thường
A21: =ROW()-7 -> 14 | B21: HB025 | C21: HB CALCIDSOFT (H/60V) | D21: HỘP | E21: 46687 | F21: 0 | G21: 21353 | H21: 17610 | I21: 717 | J21: 1237 | K21: 65 | L21: 295 | M21: 48.246575 | N21: 1.8032368 | O21: 46068.803 | P21: =IF(E21="","Hết hàng",IF((E21-TODAY())<=365,"hàng cận date","Bình thường")) -> Bình thường
A22: =ROW()-7 -> 15 | B22: HB030 | C22: HB GLUTATHION - C PLUS (H/30V) (CHLC) | D22: HỘP | E22: 46626 | F22: 7958 | G22: 16549 | H22: 4734 | I22: 677 | J22: 837 | K22: 67 | L22: 496 | M22: 12.969863 | N22: 681.78566 | O22: 46748.786 | P22: =IF(E22="","Hết hàng",IF((E22-TODAY())<=365,"hàng cận date","Bình thường")) -> Bình thường
A23: =ROW()-7 -> 16 | B23: HB031 | C23: HB COQ10 150MG (C/30V) | D23: CHAI | E23: 46415 | F23: 13607 | G23: 2585 | H23: 1411 | I23: 939 | J23: 64 | K23: 27 | L23: 10 | M23: 3.8657534 | N23: 3532.5585 | O23: 49599.558 | P23: =IF(E23="","Hết hàng",IF((E23-TODAY())<=365,"Hàng cận date","bình thường")) -> Hàng cận date | Q23: =E23-TODAY() -> 319
A24: =ROW()-7 -> 17 | B24: HB033 | C24: HB PRENATAL SUPPORT (C/30V) | D24: CHAI | E24: 46226 | F24: 25 | G24: 7836 | H24: 3281 | I24: 0 | J24: 0 | K24: 0 | L24: 0 | M24: 8.9890411 | N24: 2.7811643 | O24: 46069.781 | P24: =IF(E24="","Hết hàng",IF((E24-TODAY())<=365,"Hàng cận date","bình thường")) -> Hàng cận date | Q24: =E24-TODAY() -> 130
A25: =ROW()-7 -> 18 | B25: HB034 | C25: HB PRENATAL SUPPORT (H/60V) (CHLC) | D25: HỘP | E25: 46750 | F25: 5618 | G25: 1363 | H25: 1524 | I25: 59 | J25: 136 | K25: 9 | L25: 26 | M25: 4.1753425 | N25: 1908.9532 | O25: 47975.953 | P25: =IF(E25="","Hết hàng",IF((E25-TODAY())<=365,"hàng cận date","Bình thường")) -> Bình thường
A26: =ROW()-7 -> 19 | B26: HB035 | C26: HB GINKGO BILOBA 120MG (C/30V) (BT) | D26: CHAI | E26: 46802 | F26: 11777 | G26: 12446 | H26: 7378 | I26: 368 | J26: 586 | K26: 150 | L26: 118 | M26: 20.213699 | N26: 607.7067 | O26: 46674.707 | P26: =IF(E26="","Hết hàng",IF((E26-TODAY())<=365,"hàng cận date","Bình thường")) -> Bình thường
A27: =ROW()-7 -> 20 | B27: HB036 | C27: HB GINKGO BILOBA 120MG (H/60V) (CHLC) | D27: HỘP | E27: 46802 | F27: 11060 | G27: 8360 | H27: 4417 | I27: 157 | J27: 491 | K27: 21 | L27: 33 | M27: 15.283364 | N27: 748.11192 | O27: 46815.112 | P27: =IF(E27="","Hết hàng",IF((E27-TODAY())<=365,"hàng cận date","Bình thường")) -> Bình thường
A28: =ROW()-7 -> 21 | B28: HB037 | C28: HBGUTCARE (C/30V) | D28: CHAI | E28: 46800 | F28: 11106 | H28: 527 | I28: 98 | J28: 139 | K28: 26 | L28: 119 | M28: 9.8244973 | N28: 1151.9164 | P28: =IF(E28="","Hết hàng",IF((E28-TODAY())<=365,"hàng cận date","Bình thường")) -> Bình thường
A29: =ROW()-7 -> 22 | B29: HB038 | C29: HBGUTCARE (H/60V) | D29: HỘP | E29: 46800 | F29: 3679 | H29: 277 | I29: 27 | J29: 54 | K29: 30 | L29: 26 | M29: 2.8884826 | N29: 1302.7601 | P29: =IF(E29="","Hết hàng",IF((E29-TODAY())<=365,"hàng cận date","Bình thường")) -> Bình thường
A30: =ROW()-7 -> 23 | B30: HB039 | C30: HB PRENATAL SUPPORT (H/30V) (CHLC) | D30: HỘP | E30: 46750 | F30: 7673 | H30: 2935 | I30: 359 | J30: 750 | K30: 216 | L30: 92 | M30: 8.0410959 | N30: 755.7925 | P30: =IF(E30="","Hết hàng",IF((E30-TODAY())<=365,"hàng cận date","Bình thường")) -> Bình thường
A31: SỐ LƯỢNG TỔNG | F31: =SUM(F8:F30) -> 134422 | G31: 310738 | H31: 186030 | I31: 12070 | J31: =SUM(J8:J30) -> 10269 | K31: =SUM(K8:K30) -> 1909 | L31: =SUM(L8:L30) -> 3561
C33: Ghi chú ngày dự kiến bán hết
C34: ĐẶC BIỆT CHÚ Ý :Chữ màu đỏ là cảnh báo số lượng bán hết so với lượng tồn kho

Sheet HÀNG CẦN ĐẨY MẠNH
D1: Đơn vị: CÔNG TY TNHH DƯỢC PHẨM HEALTHY BEAUTY
D2: Địa chỉ: Số 451/24/14 Tô Hiến Thành, P.14, Q.10, TP. HCM
D3: Điện thoại: (028) 38643920 - (028) 38663068 - 0903187057 - MST: 0312246601
B4: HÀNG CẦN ĐẨY MẠNH
B5: Cho đến ngày hết ngày 14/03/2026
B7: STT | C7: Mã Hàng | D7: Tên hàng | E7: ĐVT | F7: HSD | G7: SỐ LƯỢNG TỔNG
B8: 1 | C8: HB001 | D8: HB COLLAGEN TYPE 1,2&3 (C/120V) | E8: HỘP | F8: 46615 | G8: ='TỒN KHO HÀNG NK'!F8 -> 2367
B9: 2 | C9: HB007 | D9: SLIM DAY (C/60V) | E9: CHAI | F9: 46700 | G9: ='TỒN KHO HÀNG NK'!F14 -> 6345
B10: 3 | C10: HB015 | D10: HB CORDY EXTRACT (C/60V) | E10: CHAI | F10: 46779 | G10: ='TỒN KHO HÀNG NK'!F18 -> 10275
B11: 4 | C11: HB030 | D11: HB GLUTATHION - C PLUS (H/30V) (CHLC) | E11: HỘP | F11: 46626 | G11: 8875
B12: 5 | C12: HB031 | D12: HB COQ10 150MG (C/30V) | E12: CHAI | F12: 46415 | G12: ='TỒN KHO HÀNG NK'!F23 -> 13607 | H12: =F12-TODAY() -> 319
B14: 6 | C14: HB034 | D14: HB PRENATAL SUPPORT (H/60V) (CHLC) | E14: HỘP | F14: 46750 | G14: ='TỒN KHO HÀNG NK'!F25 -> 5618
B15: 7 | C15: HB037 | D15: HBGUTCARE (C/30V) | E15: CHAI | F15: 46800 | G15: ='TỒN KHO HÀNG NK'!F28 -> 11106
B16: 8 | C16: HB038 | D16: HBGUTCARE (H/60V) | E16: HỘP | F16: 46800 | G16: ='TỒN KHO HÀNG NK'!F29 -> 3679
B17: 9 | C17: HB039 | D17: HB PRENATAL SUPPORT (H/30V) (CHLC) | E17: HỘP | F17: 46750 | G17: ='TỒN KHO HÀNG NK'!F30 -> 7673
B18: TỔNG | G18: =SUM(G8:G17) -> 69545

Sheet HÀNG LƯU Ý
D1: Đơn vị: CÔNG TY TNHH DƯỢC PHẨM HEALTHY BEAUTY
D2: Địa chỉ: Số 451/24/14 Tô Hiến Thành, P.14, Q.10, TP. HCM
D3: Điện thoại: (028) 38643920 - (028) 38663068 - 0903187057 - MST: 0312246601
B4: HÀNG ĐẶC BIỆT LƯU Ý
B5: Cho đến ngày hết ngày 14/03/2026
B7: STT | C7: Mã Hàng | D7: Tên hàng | E7: ĐVT | F7: HSD | G7: SỐ LƯỢNG TỔNG
B8: 1 | C8: HB031 | D8: HB COQ10 150MG (C/30V) | E8: CHAI | F8: 46415 | G8: ='TỒN KHO HÀNG NK'!F23 -> 13607 | H8: =F8-TODAY() -> 319
B10: TỔNG | G10: =G8 -> 13607

Sheet HÀNG CẬN DATE DƯỚI  6 THÁNG
D1: Đơn vị: CÔNG TY TNHH DƯỢC PHẨM HEALTHY BEAUTY
D2: Địa chỉ: Số 451/24/14 Tô Hiến Thành, P.14, Q.10, TP. HCM
D3: Điện thoại: (028) 38643920 - (028) 38663068 - 0903187057 - MST: 0312246601
B4: HÀNG CẬN DATE DƯỚI 6 THÁNG
B5: STT | C5: Mã Hàng | D5: Tên hàng | E5: ĐVT | F5: HSD | G5: SỐ LƯỢNG TỔNG | H5: SỐ LƯỢNG XUẤT TỪ NGÀY 24->30/11/2025 | J5: SỐ LƯỢNG XUẤT TỪ NGÀY 01->06/12/2025 | L5: SỐ LƯỢNG XUẤT TỪ NGÀY 07->13/12/2025 | N5: SỐ LƯỢNG XUẤT TỪ NGÀY 14->20/12/2025 | P5: SỐ LƯỢNG XUẤT TỪ NGÀY 21->27/12/2025 | R5: SỐ LƯỢNG XUẤT TỪ NGÀY 28/12/2025->03/01/2026 | T5: SỐ LƯỢNG XUẤT TỪ NGÀY 03/01/2026->10.01.2026 | V5: SỐ LƯỢNG XUẤT TỪ NGÀY 11/01/2026->17.01.2026 | X5: HẠN SỬ DỤNG CÒN/NGÀY
H6: ĐÃ XUẤT | I6: TỒN | J6: ĐÃ XUẤT | K6: TỒN | L6: ĐÃ XUẤT | M6: TỒN | N6: ĐÃ XUẤT | O6: TỒN | P6: ĐÃ XUẤT | Q6: TỒN | R6: ĐÃ XUẤT | S6: TỒN | T6: ĐÃ XUẤT | U6: TỒN | V6: ĐÃ XUẤT | W6: TỒN
B7: 1 | C7: HB033 | D7: HB PRENATAL SUPPORT (C/30V) | E7: CHAI | F7: 46226 | G7: 25 | H7: 0 | I7: =G7-H7 -> 25 | J7: 0 | K7: =I7-J7 -> 25 | L7: 0 | M7: =K7-L7 -> 25 | N7: 0 | O7: =M7-N7 -> 25 | P7: 0 | Q7: =M7-P7 -> 25 | R7: 0 | S7: =Q7-R7 -> 25 | T7: 0 | U7: =S7-T7 -> 25 | V7: 0 | W7: =U7-V7 -> 25 | X7: =F7-TODAY() -> 130
B8: 2 | C8: HB006 | D8: GLUTA WHITE (C/30V) (CHLC) | E8: CHAI | F8: 46257 | G8: 9581 | H8: 95 | I8: =G8-H8 -> 9486 | J8: 87 | K8: =I8-J8 -> 9399 | L8: 67 | M8: =K8-L8+9 -> 9341 | N8: 34 | O8: =M8-N8 -> 9307 | P8: 80 | Q8: =O8-P8 -> 9227 | R8: 25 | S8: =Q8-R8 -> 9202 | T8: 35 | U8: =S8-T8 -> 9167 | V8: 203 | W8: =U8-V8 -> 8964 | X8: =F8-TODAY() -> 161
H10: SỐ LƯỢNG XUẤT TỪ NGÀY 18/01/2026->24.01.2026 | J10: SỐ LƯỢNG XUẤT TỪ NGÀY 25/01/2026->31.01.2026 | L10: SỐ LƯỢNG XUẤT TỪ NGÀY 01/02/2026->07.02.2026 | N10: SỐ LƯỢNG XUẤT TỪ NGÀY 08/02/2026->14.02.2026 | P10: SỐ LƯỢNG XUẤT TỪ NGÀY 23/02/2026->28.02.2026 | R10: SỐ LƯỢNG XUẤT TỪ NGÀY 01/0/2026->07/03/2026 | T10: SỐ LƯỢNG XUẤT TỪ NGÀY 08/0/2026->15/03/2026
H11: ĐÃ XUẤT | I11: TỒN | J11: ĐÃ XUẤT | K11: TỒN | L11: ĐÃ XUẤT | M11: TỒN | N11: ĐÃ XUẤT | O11: TỒN | P11: ĐÃ XUẤT | Q11: TỒN | R11: ĐÃ XUẤT | S11: TỒN | T11: ĐÃ XUẤT | U11: TỒN
H12: 0 | I12: 25 | J12: 0 | K12: 25 | L12: 0 | M12: 25 | N12: 0 | O12: 25 | P12: 0 | Q12: 25 | R12: 0 | S12: 25 | T12: 0 | U12: 25
H13: 502 | I13: =W8-H13 -> 8462 | J13: 80 | K13: =I13-J13 -> 8382 | L13: 94 | M13: =K13-L13 -> 8288 | N13: 91 | O13: =M13-N13+46 -> 8243 | P13: 69 | Q13: =O13-P13+7 -> 8181 | R13: 66 | S13: =Q13-R13 -> 8115 | T13: 116 | U13: =S13-T13 -> 7999

Sheet 00000000

Sheet 10000000
